module,skill,display-name,menu-code,description,action,args,phase,preceded-by,followed-by,required,output-location,outputs
Guardrails Issues,gri-profile,Profila il progetto,GP,"Raccoglie in pochi minuti gli otto campi che danno contesto a tutte e ventitré le figure, criticità inclusa.",profile,,1-analysis,,gri-board:review,true,{project-root}/_bmad/memory/grl-shared,project-profile.md
Guardrails Issues,gri-profile,Aggiorna il profilo,GA,"Riallinea il profilo quando il progetto cambia, e dice se il cambiamento invalida rischi già accettati.",update-profile,,anytime,gri-profile:profile,gri-board:accepted-risks,false,{project-root}/_bmad/memory/grl-shared,project-profile.md aggiornato
Guardrails Issues,gri-profile,Allinea il linguaggio del dominio,DG,"Raccoglie termini, definizioni operative, confini e casi limite condivisi senza aggiungere un nono campo al profilo.",domain,[path],anytime,,,false,{project-root}/_bmad/memory/grl-shared,domain-glossary.md
Guardrails Issues,gri-board,Convoca il collegio,GB,"Fa leggere lo stesso artefatto alle sole figure pertinenti e restituisce un riepilogo unico, conflitti compresi.",review,[path],anytime,gri-profile:profile,gri-board:release-gate,false,{project-root}/_bmad/memory/grl-shared,"riepilogo in conversazione, righe in decisions.md e accepted-risks.md"
Guardrails Issues,gri-board,Rischi già accettati,GR,"Mostra, raggruppato per figura, quello che il progetto ha consapevolmente scelto di accettare.",accepted-risks,,anytime,gri-profile:profile,,false,{project-root}/_bmad/memory/grl-shared,elenco in conversazione
Guardrails Issues,gri-board,Gate di rilascio,GG,"Verifica una release identificata e restituisce GO, GO_CON_CONDIZIONI, NO_GO o EVIDENZA_INSUFFICIENTE.",release-gate,[path],anytime,gri-profile:profile,,false,{output_folder}/release-gates,{release_slug}-{gate_started_at_utc}.md
Guardrails Issues,grl-automation,Instrada un'automazione,AR,"Classifica lo scenario, sceglie agenti e workflow BMad e dichiara capability mancanti, scope e approvazioni, includendo social/content e creative video.",route,,anytime,gri-profile:profile,grl-automation:plan,false,{output_folder}/automation/{slug},"run.md, route e handoff.md"
Guardrails Issues,grl-automation,Prepara un piano eseguibile,PL,"Costruisce passi idempotenti con input, output, precondizioni, rischio, approvazione e rollback.",plan,[slug],anytime,grl-automation:route,grl-automation:read-only,false,{output_folder}/automation/{slug},"plan.md e run.md"
Guardrails Issues,grl-automation,Esegui controlli read-only,RO,"Raccoglie evidenze e confronti riproducibili senza modificare sistemi esterni.",read-only,[slug],anytime,grl-automation:plan,grl-automation:dry-run,false,{output_folder}/automation/{slug},"evidence.md aggiornato"
Guardrails Issues,grl-automation,Prepara un dry-run,DR,"Genera e valida diff o payload senza spendere, pubblicare o applicare side effect.",dry-run,[slug],anytime,grl-automation:read-only,grl-automation:execute,false,{output_folder}/automation/{slug},"diff/payload validato e approvals.md"
Guardrails Issues,grl-automation,Esegui dopo approvazione,EX,"Applica solo lo scope approvato, registra prima/dopo e osserva il risultato; in caso di errore attiva il rollback.",execute,[slug],anytime,grl-automation:dry-run,,false,{output_folder}/automation/{slug},"execution-log.md, handoff.md e stato del run"
Guardrails Issues,grl-automation,Riprendi un'automazione,RS,"Riprende un run esistente dal primo passo non concluso senza duplicare scritture o side effect.",resume,[slug],anytime,,grl-automation:execute,false,{output_folder}/automation/{slug},"run.md, plan.md e execution-log.md aggiornati"
Guardrails Issues,grl-agent-issues,Tito — issue e backlog,IS,"Dice quali issue sono pronte da sviluppare, cosa manca alle altre e chi ha già chiesto di aspettare, sempre con l'età del dato.",consult,,anytime,grl-issues:sync,grl-issue-readiness:check,false,,"ordine di lavorazione, issue non chiare, attese e chi le ha messe, duplicati, dipendenze, confini verso diagnosi e implementazione"
Guardrails Issues,grl-issues,Sincronizza il registro delle issue,IY,"Allinea la copia locale delle issue aperte in modo incrementale, dichiara account, repository, filtro e letture parziali.",sync,[repo],anytime,,grl-issues:session-start,false,{project-root}/_bmad/memory/grl-issues,"registry.json datato e vista registry.md rigenerabile"
Guardrails Issues,grl-issues,Apri una sessione sulle issue,IB,"Fissa l'ambito di lavoro e la fotografia iniziale, separando lavorabili, in attesa e non chiare.",session-start,[numeri|label],anytime,grl-issues:sync,grl-issues:session-close,false,{project-root}/_bmad/memory/grl-issues,"sessione con ambito, baseline e as_of"
Guardrails Issues,grl-issues,Chiudi la sessione di lavoro,IE,"Confronta con la fotografia iniziale e dice cosa si è chiuso davvero, cosa resta aperto e cosa è cambiato per mano di altri.",session-close,[slug],anytime,grl-issues:session-start,grl-issue-readiness:comment,false,{project-root}/_bmad/memory/grl-issues,"rapporto di sessione e registro aggiornato"
Guardrails Issues,grl-issues,Stato del registro delle issue,IN,"Raggruppa le issue per stato di lavorazione — da valutare, da chiarire, da fare, in sviluppo, in attesa, non approvata — e dichiara quanto è vecchio il dato.",status,,anytime,grl-issues:sync,grl-agent-issues:consult,false,{project-root}/_bmad/memory/grl-issues,"elenco per stato in conversazione e registry.md su richiesta"
Guardrails Issues,grl-issues,Registra una decisione sul backlog,ID,"Conserva cosa è stato deciso su una issue o come convenzione di backlog, con chi ha deciso, quando, perché e cosa cambia.",decide,[numero],anytime,grl-issues:sync,grl-issues:status,false,{project-root}/_bmad/memory/grl-issues,"voce accodata in decisions.md e stato aggiornato"
Guardrails Issues,grl-issues,Cambia lo stato di una issue,IU,"Dichiara a mano uno stato che GitHub non mostra, chiedendo chi ha deciso e cosa toglie il freno; non tocca label né assegnatari.",set-status,[numero],anytime,grl-issues:sync,grl-issues:status,false,{project-root}/_bmad/memory/grl-issues,"stato dichiarato con autore e data nel registro"
Guardrails Issues,grl-issue-readiness,Verifica se una issue è chiara,IK,"Applica sette criteri con citazione, rileva chi ha chiesto di aspettare e restituisce PRONTA, PRONTA_CON_RISERVA, NON_PRONTA o SOSPESA.",check,[numero|filtro],anytime,grl-issues:sync,grl-issue-readiness:comment,false,{project-root}/_bmad/memory/grl-issues,"verdetto per issue, criteri mancanti, domande ordinate per impatto, registro aggiornato"
Guardrails Issues,grl-issue-verify,Verifica se la issue è risolta,IV,"Confronta i criteri di accettazione con il codice scritto, cerca il lavoro fuori perimetro e autorizza la chiusura solo se ogni criterio è coperto con evidenza.",verify,[numero|pr],anytime,grl-issue-readiness:check,grl-issues:status,false,{project-root}/_bmad/memory/grl-issues,"mappa criterio/evidenza, verdetto, commento e comando di chiusura pronti per una persona"
Guardrails Issues,grl-issue-readiness,Commenta cosa manca sulla issue,IJ,"Prepara il commento di chiarimento, lo mostra e lo pubblica solo dopo conferma, aggiornando il proprio commento invece di duplicarlo.",comment,[numero],anytime,grl-issue-readiness:check,,false,,"bozza rivista, commento pubblicato o aggiornato con marcatore"
